SEQUENCE,FILTER,COUNTY,JURISDICTION,POP_1990,POP_1991,POP_1992,POP_1993,POP_1994,POP_1995,POP_1996,POP_1997,POP_1998,POP_1999,POP_2000,POP_2001,POP_2002,POP_2003,POP_2004,POP_2005,POP_2006,POP_2007,POP_2008,POP_2009,POP_2010,POP_2011,POP_2012,POP_2013,POP_2014,POP_2015,POP_2016,POP_2017
1,1,Adams,Adams County,13603,13823,14063,14335,14679,15030,15323,15698,15879,16151,16428,16699,16911,17081,17489,17643,17690,17959,18214,18421,18728,18950,19050,19200,19400,19410,19510,19870
2,2,Adams,Unincorporated Adams County,6466,6698,6776,7009,7162,7303,7530,7598,7647,7815,7905,8037,8193,8324,8451,8507,8587,8682,8742,8799,8818,8960,8980,9040,9135,9085,9105,9165
3,3,Adams,Incorporated Adams County,7137,7125,7287,7326,7517,7727,7793,8100,8232,8336,8523,8662,8718,8757,9038,9136,9103,9277,9472,9622,9910,9990,10070,10160,10265,10325,10405,10705
4,4,Adams,Hatton,71,80,81,82,83,84,93,94,96,97,98,119,97,97,97,97,96,96,96,98,101,100,105,110,110,110,110,110
5,4,Adams,Lind,472,400,523,435,452,451,484,517,535,567,582,582,576,574,561,556,556,550,550,550,564,560,565,570,565,560,550,550
6,4,Adams,Othello,4638,4692,4735,4868,5033,5240,5265,5508,5614,5681,5847,5961,6062,6129,6434,6551,6523,6714,6931,7089,7364,7420,7495,7565,7695,7780,7875,8175
7,4,Adams,Ritzville,1725,1728,1730,1729,1730,1733,1733,1731,1733,1733,1736,1745,1735,1716,1707,1695,1685,1678,1681,1675,1673,1705,1695,1700,1680,1670,1660,1660
8,4,Adams,Washtucna,231,225,218,212,219,219,218,250,254,258,260,255,248,241,239,237,243,239,214,210,208,205,210,215,215,205,210,210
9,1,Asotin,Asotin County,17605,17677,17866,18124,18666,18937,19622,19943,20202,20442,20551,20650,20652,20709,20779,20939,21176,21413,21522,21593,21623,21650,21700,21800,21950,22010,22150,22290
10,2,Asotin,Unincorporated Asotin County,9871,10006,10058,10351,10521,11117,11554,11692,11739,11796,12119,12173,12238,12314,12386,12536,12744,12951,13072,13121,13143,13195,13240,13325,13460,13515,13620,13765
11,3,Asotin,Incorporated Asotin County,7734,7671,7808,7773,8145,7820,8068,8251,8463,8646,8432,8477,8414,8395,8393,8403,8432,8462,8450,8472,8480,8455,8460,8475,8490,8495,8530,8525
12,4,Asotin,Asotin,981,1039,1046,1002,1017,1072,1086,1083,1094,1081,1095,1106,1114,1120,1128,1133,1174,1189,1224,1244,1251,1255,1255,1265,1265,1260,1270,1275
13,4,Asotin,Clarkston,6753,6632,6762,6771,7128,6748,6982,7168,7369,7565,7337,7371,7300,7275,7265,7270,7258,7273,7226,7228,7229,7200,7205,7210,7225,7235,7260,7250
14,1,Benton,Benton County,112560,114439,116503,119374,123457,128359,132590,135620,137717,139498,142475,145267,148290,151933,155874,159286,162255,165096,167598,171402,175177,177900,180000,183400,186500,188590,190500,193500
15,2,Benton,Unincorporated Benton County,27849,28345,28843,29753,30254,31280,31549,32240,32751,33426,33169,33166,33493,34121,34820,34979,34854,35245,32814,32552,32639,33020,33300,33710,34020,34130,34365,35085
16,3,Benton,Incorporated Benton County,84711,86094,87660,89621,93203,97079,101041,103380,104966,106072,109306,112101,114797,117812,121054,124307,127401,129851,134784,138850,142538,144880,146700,149690,152480,154460,156135,158415
17,4,Benton,Benton City,1806,2012,2251,2359,2718,2831,2956,3096,3287,3343,2624,2746,2809,2888,2900,2901,2892,2918,2896,3002,3038,3145,3295,3240,3255,3285,3325,3360
18,4,Benton,Kennewick,42152,42905,43765,44549,46053,47538,49875,51072,51763,52323,54751,56268,57496,59162,60718,62715,64784,66106,69865,71882,73917,74665,75160,76410,77700,78290,79120,80280
19,4,Benton,Prosser,4476,4476,4476,4516,4543,4604,4637,4644,4666,4676,4838,4919,5018,5117,5214,5331,5384,5469,5527,5624,5714,5780,5785,5810,5815,5845,5940,5965
20,4,Benton,Richland,32315,32655,33047,33564,34579,35736,36842,37597,37832,37941,38708,39469,40466,41363,42463,43309,43972,44678,45580,46957,48058,49090,49890,51150,52090,53080,53410,54150
21,4,Benton,West Richland,3962,4046,4121,4633,5310,6370,6731,6971,7418,7789,8385,8699,9008,9282,9759,10051,10369,10680,10916,11385,11811,12200,12570,13080,13620,13960,14340,14660
22,1,Chelan,Chelan County,52250,53436,54965,56423,58319,60079,61240,62895,64199,65575,66616,66896,67400,67507,68013,68963,69895,70773,71799,72185,72453,72700,73200,73600,74300,75030,75910,76830
23,2,Chelan,Unincorporated Chelan County,22760,23502,24146,24963,25794,26484,26668,27324,28080,28518,29238,29288,29250,29322,29453,29727,29920,30337,30490,30606,30498,30500,30680,30960,31090,31580,32075,32325
24,3,Chelan,Incorporated Chelan County,29490,29934,30819,31460,32525,33595,34572,35571,36119,37057,37378,37608,38150,38185,38560,39236,39975,40436,41309,41579,41955,42200,42520,42640,43210,43450,43835,44505
25,4,Chelan,Cashmere,2544,2572,2600,2654,2770,2804,2861,2881,2903,2990,2965,3068,3068,3032,3035,3034,3035,3035,3048,3061,3063,3075,3075,3055,3010,3040,3040,3075
26,4,Chelan,Chelan,2976,3012,3080,3125,3153,3182,3195,3283,3355,3470,3526,3520,3533,3523,3544,3559,3612,3656,3811,3795,3890,3930,3940,3955,4020,4045,4115,4150
27,4,Chelan,Entiat,449,453,466,479,563,595,732,801,877,947,957,999,985,982,971,1006,1046,1059,1077,1079,1112,1135,1135,1140,1140,1155,1180,1195
28,4,Chelan,Leavenworth,1692,1694,1717,1767,1921,1946,1979,2085,2082,2085,2074,2047,2044,2011,2018,2001,1970,1975,2015,1985,1965,1970,1970,1970,1970,1980,1990,2015
29,4,Chelan,Wenatchee,21829,22203,22956,23435,24118,25068,25805,26521,26902,27565,27856,27974,28520,28637,28992,29636,30312,30711,31358,31659,31925,32090,32400,32520,33070,33230,33510,34070
30,1,Clallam,Clallam County,56210,57626,58275,59155,59919,60548,61469,62037,62933,63425,64179,64717,65398,65928,66725,67672,68948,69847,70629,71027,71404,71600,72000,72350,72500,72650,73410,74240
31,2,Clallam,Unincorporated Clallam County,32045,32986,33559,34159,34947,35501,36194,36720,37240,37713,38328,38705,39291,39733,40356,40973,41490,41916,42075,42243,42228,42395,42560,42830,42935,43030,43485,43995
32,3,Clallam,Incorporated Clallam County,24165,24640,24716,24996,24972,25047,25275,25317,25693,25712,25851,26012,26107,26195,26369,26699,27458,27931,28554,28784,29176,29205,29440,29520,29565,29620,29925,30245
33,4,Clallam,Forks,2838,3132,3136,3132,3131,3088,3080,3117,3135,3134,3120,3166,3196,3223,3249,3282,3362,3402,3467,3486,3532,3500,3545,3545,3565,3565,3580,3595
34,4,Clallam,Port Angeles,17710,17748,17776,17908,17872,17959,18077,18065,18375,18326,18397,18420,18359,18376,18354,18480,18777,18784,18876,18920,19038,19080,19100,19120,19090,19140,19270,19370
35,4,Clallam,Sequim,3617,3760,3804,3956,3969,4000,4118,4135,4183,4252,4334,4426,4552,4596,4766,4937,5319,5745,6211,6378,6606,6625,6795,6855,6910,6915,7075,7280
36,1,Clark,Clark County,238053,248417,255915,264548,274423,286804,298364,310512,323892,334641,345238,352715,364855,374091,385370,394600,404737,412692,419091,423775,425363,428000,431250,435500,442800,451820,461010,471000
37,2,Clark,Unincorporated Clark County,173844,182235,188230,187605,192160,195479,202305,153645,158143,162457,166279,169960,176046,181702,186887,192450,197822,199532,202251,203361,203339,204610,205885,207710,210140,214585,218750,223160
38,3,Clark,Incorporated Clark County,64209,66182,67685,76943,82263,91325,96059,156867,165749,172184,178959,182755,188809,192389,198483,202150,206915,213160,216840,220414,222024,223390,225365,227790,232660,237235,242260,247840
39,4,Clark,Battle Ground,3758,3906,4045,4244,4571,5015,5357,6948,8209,8803,9322,10083,11196,12435,14028,14730,15588,16048,16682,17201,17571,17780,17920,18130,18680,19250,19640,20370
40,4,Clark,Camas,6798,6934,7174,7415,7693,8355,9356,10213,11169,11929,12534,13134,13936,14745,16089,16400,17049,17679,18367,18844,19355,19620,20020,20320,20880,21210,21810,23080
41,4,Clark,La Center,483,484,498,507,759,997,1137,1171,1340,1520,1654,1748,1837,1898,2046,2167,2412,2559,2662,2737,2800,2835,2985,3015,3050,3100,3140,3195
42,4,Clark,Ridgefield,1332,1343,1372,1421,1497,1550,1654,1732,1808,2132,2147,2183,2190,2243,2280,2735,3392,3837,4232,4552,4763,4975,5210,5545,6035,6400,6870,7235
43,4,Clark,Vancouver,46380,47914,48692,57246,61357,68589,71528,127913,134099,138332,143560,145642,149290,150112,152074,153543,154908,158630,159840,161593,161791,162300,163200,164500,167400,170400,173500,176400
44,4,Clark,Washougal,4764,4889,5177,5281,5416,5808,6008,7866,8067,8339,8595,8805,9139,9749,10739,11310,12230,12939,13459,13883,14095,14210,14340,14580,14910,15170,15560,15760
45,4,Clark,Woodland (part),94,100,102,141,157,154,120,108,106,107,92,100,104,85,83,93,98,75,83,82,83,85,85,85,85,85,85,85
46,4,Clark,Yacolt,600,612,625,688,813,857,899,916,951,1022,1055,1060,1117,1122,1144,1172,1238,1393,1515,1522,1566,1585,1605,1615,1620,1620,1655,1715
47,1,Columbia,Columbia County,4024,4044,4041,4047,4053,4051,4051,4056,4058,4062,4064,4114,4115,4111,4122,4135,4128,4095,4099,4097,4078,4100,4100,4100,4080,4090,4050,4100
48,2,Columbia,Unincorporated Columbia County,1386,1399,1382,1366,1355,1373,1313,1318,1299,1291,1279,1297,1310,1340,1350,1368,1383,1394,1407,1422,1423,1435,1435,1425,1405,1410,1375,1415
49,3,Columbia,Incorporated Columbia County,2638,2645,2659,2681,2698,2678,2738,2738,2759,2771,2785,2817,2805,2771,2772,2767,2745,2701,2692,2675,2655,2665,2665,2675,2675,2680,2675,2685
50,4,Columbia,Dayton,2468,2476,2483,2506,2525,2551,2607,2605,2627,2640,2655,2687,2678,2646,2644,2639,2619,2572,2561,2546,2526,2535,2535,2545,2545,2550,2545,2555
51,4,Columbia,Starbuck,170,169,176,175,173,127,131,133,132,131,130,130,127,125,128,128,126,129,131,129,129,130,130,130,130,130,130,130
52,1,Cowlitz,Cowlitz County,82119,82862,83802,84813,85921,87232,88531,89568,90600,91744,92948,94081,94854,95849,96593,97673,99095,100377,101542,102175,102410,102700,103050,103300,103700,104280,104850,105900
53,2,Cowlitz,Unincorporated Cowlitz County,33170,33557,33787,34315,34958,35530,36183,37004,36987,37950,38792,39371,39907,40497,41095,41800,42525,43346,43609,44063,44085,44225,44180,44345,44515,44765,45080,45640
54,3,Cowlitz,Incorporated Cowlitz County,48949,49305,50015,50498,50963,51702,52348,52564,53613,53794,54156,54710,54947,55352,55498,55873,56570,57031,57933,58112,58325,58475,58870,58955,59185,59515,59770,60260
55,4,Cowlitz,Castle Rock,2067,2066,2049,2058,2062,2069,2075,2072,2065,2066,2130,2105,2080,2092,2077,2050,2030,2014,2007,1995,1982,1995,2135,2135,2145,2175,2190,2200
56,4,Cowlitz,Kalama,1210,1198,1208,1225,1274,1299,1514,1547,1606,1698,1783,1816,1840,1873,1867,1876,1902,1954,2351,2362,2344,2365,2390,2400,2430,2500,2540,2620
57,4,Cowlitz,Kelso,11767,11924,12150,11932,11839,11955,11969,12069,12314,11876,11895,11822,11801,11864,11823,11829,11887,11816,11869,11889,11925,11920,11930,11940,11960,11950,11970,11980
58,4,Cowlitz,Longview,31499,31625,32038,32622,33011,33429,33638,33460,34158,34557,34660,35220,35387,35534,35642,35791,35979,36180,36428,36515,36648,36730,36910,36940,37040,37130,37230,37510
59,4,Cowlitz,Woodland (part),2406,2492,2570,2661,2777,2950,3152,3416,3470,3597,3688,3747,3839,3989,4089,4327,4772,5067,5278,5351,5426,5465,5505,5540,5610,5760,5840,5950
60,1,Douglas,Douglas County,26195,27648,27423,28143,28692,29312,29967,30548,31427,32035,32603,32817,32871,33545,33944,34466,35505,36340,37238,38036,38431,38650,38900,39280,39700,39990,40720,41420
61,2,Douglas,Unincorporated Douglas County,19957,20235,19760,20148,20537,19887,20367,20636,21334,21827,22317,22406,20074,20362,20667,21045,18703,19267,19928,20371,20399,20590,20760,21060,21430,21610,22095,22645
62,3,Douglas,Incorporated Douglas County,6238,7413,7663,7995,8155,9425,9600,9912,10093,10208,10286,10411,12797,13183,13277,13421,16802,17073,17310,17665,18032,18060,18140,18220,18270,18380,18625,18775
63,4,Douglas,Bridgeport,1498,1540,1699,1902,1971,2063,2053,2086,2071,2066,2059,2126,2138,2155,2197,2236,2257,2293,2311,2355,2409,2405,2415,2425,2445,2455,2480,2480
64,4,Douglas,Coulee Dam (part),209,203,210,193,182,172,162,152,142,132,125,117,176,188,186,187,187,187,187,187,187,185,185,185,185,185,185,185
65,4,Douglas,East Wenatchee,2701,3797,3831,3916,3969,4974,5141,5444,5593,5672,5757,5828,8158,8526,8579,8697,12085,12303,12546,12868,13190,13220,13280,13350,13370,13390,13500,13600
66,4,Douglas,Mansfield,311,313,315,316,318,317,318,317,318,319,319,321,319,318,325,317,323,328,331,319,320,320,325,325,325,325,330,330
67,4,Douglas,Rock Island,524,544,574,601,613,718,741,804,804,869,863,852,843,838,836,834,799,806,795,799,788,790,790,790,790,865,965,1005
68,4,Douglas,Waterville,995,1016,1034,1067,1102,1181,1185,1109,1165,1150,1163,1167,1163,1158,1154,1150,1151,1156,1140,1137,1138,1140,1145,1145,1155,1160,1165,1175
69,1,Ferry,Ferry County,6295,6366,6465,6561,6648,6812,6950,7058,7135,7184,7260,7340,7378,7397,7367,7405,7462,7484,7529,7563,7551,7600,7650,7650,7660,7710,7700,7740
70,2,Ferry,Unincorporated Ferry County,5355,5336,5489,5588,5675,5812,5914,6023,6089,6159,6306,6337,6370,6379,6357,6382,6419,6440,6460,6482,6478,6520,6565,6555,6560,6620,6610,6645
71,3,Ferry,Incorporated Ferry County,940,1030,976,973,973,1000,1036,1035,1046,1025,954,1003,1008,1018,1010,1023,1043,1044,1069,1081,1073,1080,1085,1095,1100,1090,1090,1095
72,4,Ferry,Republic,940,1030,976,973,973,1000,1036,1035,1046,1025,954,1003,1008,1018,1010,1023,1043,1044,1069,1081,1073,1080,1085,1095,1100,1090,1090,1095
73,1,Franklin,Franklin County,37473,38522,39077,40092,41280,42516,43694,45180,46465,47900,49347,50473,52286,54907,58576,62572,66371,69582,72230,75111,78163,80500,82500,84800,86600,87150,88670,90330
74,2,Franklin,Unincorporated Franklin County,14712,14980,15339,15730,15708,15987,16006,13995,13762,14006,13686,13884,13339,12651,12900,12887,13098,13183,13334,13444,13491,13665,13820,13160,12820,12825,12065,12540
75,3,Franklin,Incorporated Franklin County,22761,23542,23738,24362,25572,26529,27688,31185,32703,33894,35661,36589,38947,42256,45676,49685,53273,56399,58896,61667,64672,66835,68680,71640,73780,74325,76605,77790
76,4,Franklin,Connell,2005,2083,2033,2080,2342,2362,2634,2862,2913,2942,2956,3016,3135,3161,3173,3173,3178,3187,3243,3413,4209,5150,5320,5350,5330,5405,5365,5450
77,4,Franklin,Kahlotus,167,184,214,177,251,259,256,256,243,223,214,212,210,204,204,207,198,196,188,193,193,190,195,195,185,185,185,165
78,4,Franklin,Mesa,252,263,315,334,354,374,397,404,411,418,425,440,455,454,457,459,458,461,472,482,489,495,495,495,495,495,495,495
79,4,Franklin,Pasco,20337,21012,21176,21771,22625,23534,24401,27663,29136,30311,32066,32921,35147,38437,41842,45846,49439,52555,54993,57579,59781,61000,62670,65600,67770,68240,70560,71680
80,1,Garfield,Garfield County,2248,2259,2272,2268,2310,2322,2344,2354,2360,2372,2397,2382,2365,2348,2325,2315,2306,2287,2278,2272,2266,2250,2250,2250,2240,2260,2200,2200
81,2,Garfield,Unincorporated Garfield County,855,845,838,834,823,831,837,849,846,856,880,872,870,860,852,847,842,834,834,836,841,835,840,850,845,855,805,805
82,3,Garfield,Incorporated Garfield County,1393,1414,1434,1434,1487,1491,1507,1505,1514,1516,1517,1510,1495,1488,1473,1468,1464,1453,1444,1436,1425,1415,1410,1400,1395,1405,1395,1395
83,4,Garfield,Pomeroy,1393,1414,1434,1434,1487,1491,1507,1505,1514,1516,1517,1510,1495,1488,1473,1468,1464,1453,1444,1436,1425,1415,1410,1400,1395,1405,1395,1395
84,1,Grant,Grant County,54798,56008,57596,59444,61638,64099,66484,68359,70578,72718,74698,75899,76942,77493,78979,80121,81792,83729,85983,87721,89120,90100,91000,91800,92900,93930,94610,95630
85,2,Grant,Unincorporated Grant County,26406,27154,27866,29119,29913,31075,31736,32796,33610,34872,35797,36046,36164,36554,37101,37603,38362,39233,39776,40077,40134,40395,40790,40956,41470,41840,42130,42422
86,3,Grant,Incorporated Grant County,28392,28854,29730,30325,31725,33024,34748,35563,36968,37846,38901,39853,40778,40939,41878,42518,43430,44496,46207,47644,48986,49705,50210,50844,51430,52090,52480,53208
87,4,Grant,Coulee City,568,524,598,533,578,630,610,586,572,579,600,626,618,600,593,582,580,572,567,565,562,565,560,570,565,560,560,565
88,4,Grant,Coulee Dam (part),3,3,3,3,3,4,4,4,4,4,4,5,0,0,0,0,0,0,0,0,0,0,0,0,0,0,0,0
89,4,Grant,Electric City,910,911,911,908,911,915,916,915,913,921,922,963,967,952,949,946,947,959,964,962,968,1065,995,1010,1010,1010,1010,1020
90,4,Grant,Ephrata,5349,5437,5526,5604,5804,6037,6314,6441,6602,6710,6808,6946,7033,7044,7149,7244,7304,7425,7530,7643,7664,7690,7750,7870,7930,7985,8020,8005
91,4,Grant,George,324,341,359,369,441,548,551,561,760,579,528,537,545,475,480,466,463,475,514,511,501,690,700,720,720,720,720,720
92,4,Grant,Grand Coulee,984,982,988,936,942,952,938,939,933,922,897,926,933,929,930,931,936,933,935,940,988,1020,1035,1045,1050,1050,1045,1055
93,4,Grant,Hartline,176,175,173,179,155,148,147,145,137,135,134,135,134,133,139,140,139,150,151,150,151,150,150,155,155,160,155,155
94,4,Grant,Krupp,53,53,53,53,57,57,56,56,60,60,60,61,60,58,57,51,54,52,51,49,48,50,50,50,50,50,50,50
95,4,Grant,Mattawa,941,1060,1284,1442,1732,1858,1970,2051,2097,2201,2609,2806,3059,3331,3617,3754,3903,4026,4145,4310,4437,4460,4495,4540,4460,4535,4625,4805
96,4,Grant,Moses Lake,11235,11289,11398,11565,11926,12342,13181,13333,13883,14550,14953,15243,15803,15854,16277,16571,17092,17772,18804,19634,20366,20640,20950,21250,21600,22080,22250,22720
97,4,Grant,Quincy,3734,3835,3977,4060,4203,4365,4545,4686,4841,4952,5044,5219,5275,5279,5414,5465,5655,5760,6126,6489,6750,6815,6945,7000,7235,7270,7345,7370
98,4,Grant,Royal City,1104,1154,1211,1349,1519,1466,1528,1609,1762,1651,1823,1849,1851,1848,1862,1934,1948,1974,2001,1973,2140,2150,2160,2190,2210,2235,2240,2245
99,4,Grant,Soap Lake,1203,1238,1349,1359,1420,1496,1574,1697,1726,1845,1733,1706,1654,1650,1624,1599,1575,1557,1546,1538,1514,1515,1520,1530,1530,1520,1535,1550
100,4,Grant,Warden,1639,1665,1707,1764,1832,2000,2201,2323,2452,2506,2544,2587,2617,2558,2562,2613,2617,2625,2662,2670,2692,2690,2695,2705,2710,2710,2720,2730
101,4,Grant,Wilson Creek,169,187,193,201,202,206,213,217,226,231,242,244,229,228,225,222,217,216,211,210,205,205,205,209,205,205,205,218
102,1,Grays Harbor,Grays Harbor County,64175,64309,64636,64930,65441,65820,66172,66553,66568,66766,67194,68709,69229,69445,70069,70812,71582,72038,72295,72569,72797,72900,73150,73200,73300,73110,72820,72970
128,4,King,Auburn (part),33650,33503,34566,34996,35653,36023,36796,37509,38396,40310,42901,43783,44773,44919,45029,45219,45858,46696,61311,62012,62761,63050,63390,64320,65350,65950,67340,69060
103,2,Grays Harbor,Unincorporated Grays Harbor County,25000,25061,25219,24922,25303,25321,25311,25411,25218,25336,25548,26734,27034,27607,27750,27833,28061,28279,28334,28527,28438,28555,28610,28615,28635,28475,28110,28190
104,3,Grays Harbor,Incorporated Grays Harbor County,39175,39248,39417,40008,40138,40499,40861,41142,41350,41430,41646,41975,42195,41838,42319,42979,43521,43759,43961,44042,44359,44345,44540,44585,44665,44635,44710,44780
105,4,Grays Harbor,Aberdeen,16565,16571,16559,16585,16542,16544,16531,16521,16517,16490,16461,16536,16640,16508,16622,16698,16758,16777,16825,16836,16896,16870,16890,16860,16850,16780,16780,16740
106,4,Grays Harbor,Cosmopolis,1372,1370,1368,1369,1369,1507,1533,1554,1555,1588,1595,1593,1590,1632,1590,1603,1635,1644,1654,1644,1649,1645,1640,1650,1645,1640,1650,1660
107,4,Grays Harbor,Elma,3011,2982,2991,2991,2790,2811,2987,2977,3010,3007,3049,3089,3072,3029,3068,3196,3102,3139,3104,3094,3107,3115,3110,3115,3130,3135,3145,3145
108,4,Grays Harbor,Hoquiam,8972,8927,8891,8931,8932,8992,8983,9092,9160,9164,9097,9036,9036,8827,8853,8842,8809,8808,8753,8715,8726,8650,8655,8620,8625,8575,8580,8560
109,4,Grays Harbor,McCleary,1473,1471,1472,1472,1472,1473,1471,1471,1472,1470,1484,1470,1465,1465,1470,1492,1569,1607,1619,1635,1653,1655,1655,1655,1660,1680,1685,1695
110,4,Grays Harbor,Montesano,3060,3056,3047,3324,3341,3342,3355,3355,3320,3321,3312,3368,3453,3451,3518,3605,3789,3797,3850,3883,3976,4010,4050,4070,4075,4095,4105,4120
111,4,Grays Harbor,Oakville,529,567,568,588,602,616,629,638,652,651,675,683,680,659,653,655,687,691,692,686,684,685,690,690,690,685,695,690
112,4,Grays Harbor,Ocean Shores,2301,2422,2593,2730,2927,3083,3219,3373,3536,3696,3836,4040,4164,4218,4454,4662,4956,5106,5294,5416,5569,5615,5745,5815,5880,5935,5955,6055
113,4,Grays Harbor,Westport,1892,1882,1928,2018,2163,2131,2153,2161,2128,2043,2137,2160,2095,2049,2091,2226,2216,2190,2170,2133,2099,2100,2105,2110,2110,2110,2115,2115
114,1,Island,Island County,60195,62176,63289,64303,65139,66378,67308,68536,69609,70629,71558,72062,73151,73630,74549,75951,77189,78225,78544,78737,78506,78800,79350,79700,80000,80600,82910,82790
115,2,Island,Unincorporated Island County,40797,42160,42833,43450,44347,45453,46236,46832,47429,48239,49081,49445,50229,50649,51325,52093,52917,53667,53771,53700,53565,53700,54215,54665,55090,55600,57460,56880
116,3,Island,Incorporated Island County,19398,20016,20456,20853,20792,20925,21072,21704,22180,22390,22477,22617,22922,22981,23224,23858,24272,24558,24773,25037,24941,25100,25135,25035,24910,25000,25450,25910
117,4,Island,Coupeville,1377,1459,1534,1531,1557,1590,1627,1650,1681,1701,1723,1730,1725,1736,1731,1759,1790,1816,1869,1854,1831,1855,1880,1890,1895,1900,1905,1905
118,4,Island,Langley,845,837,868,885,900,931,935,972,968,953,959,973,996,1013,1031,1031,1027,1023,1028,1035,1035,1045,1055,1065,1075,1100,1135,1165
119,4,Island,Oak Harbor,17176,17720,18054,18437,18335,18404,18510,19082,19531,19736,19795,19914,20201,20232,20462,21068,21455,21719,21876,22148,22075,22200,22200,22080,21940,22000,22410,22840
120,1,Jefferson,Jefferson County,20406,21144,21940,22641,23313,23950,24412,24925,25322,25865,26299,26665,27143,27343,27738,28356,28847,29244,29634,29773,29872,30050,30175,30275,30700,30880,31090,31360
121,2,Jefferson,Unincorporated Jefferson County,13405,13932,14355,14896,15434,15908,16414,16829,17247,17560,17965,18224,18589,18910,19195,19560,19958,20299,20601,20739,20759,20870,20990,21050,21345,21500,21605,21860
122,3,Jefferson,Incorporated Jefferson County,7001,7212,7585,7745,7879,8042,7998,8096,8075,8305,8334,8441,8554,8433,8543,8796,8889,8945,9033,9034,9113,9180,9185,9225,9355,9380,9485,9500
123,4,Jefferson,Port Townsend,7001,7212,7585,7745,7879,8042,7998,8096,8075,8305,8334,8441,8554,8433,8543,8796,8889,8945,9033,9034,9113,9180,9185,9225,9355,9380,9485,9500
124,1,King,King County,1507305,1549991,1570997,1590603,1609529,1625241,1640249,1659106,1686266,1712122,1737046,1755487,1777514,1788082,1800783,1814999,1845209,1871098,1891125,1909205,1931249,1942600,1957000,1981900,2017250,2052800,2105100,2153700
125,2,King,Unincorporated King County,513257,529714,535002,504884,500144,490827,428639,428750,399252,383015,349234,350658,350251,351460,357160,359525,363373,362315,332022,329060,325000,285265,255720,253100,252050,253280,245920,247060
126,3,King,Incorporated King County,994048,1020277,1035995,1085719,1109385,1134414,1211610,1230356,1287014,1329107,1387812,1404829,1427263,1436622,1443623,1455474,1481836,1508783,1559103,1580145,1606249,1657335,1701280,1728800,1765200,1799520,1859180,1906640
127,4,King,Algona,1694,1757,2072,2144,2223,2284,2392,2457,2518,2546,2460,2529,2565,2661,2692,2773,2833,2886,2932,2974,3014,3055,3070,3075,3090,3105,3175,3180
129,4,King,Beaux Arts Village,303,366,352,351,350,349,348,335,334,289,307,308,305,296,292,288,289,298,297,295,299,300,300,290,295,300,300,300
130,4,King,Bellevue,86872,87879,88487,89689,100390,103589,104899,105506,107088,108657,109827,111318,117393,116983,117061,115493,117580,118701,119973,120872,122363,123400,124600,132100,134400,135000,139400,140700
131,4,King,Black Diamond,1422,1508,1533,1591,1624,1755,2017,2063,3768,3917,3970,4051,4018,3981,3983,4058,4057,4094,4128,4146,4153,4160,4170,4170,4180,4200,4305,4335
132,4,King,Bothell (part),11986,13122,13354,13419,13731,13992,14089,14624,16015,16020,16119,16264,16280,16283,16232,16229,16594,16903,17028,17071,17090,17150,17280,17440,24610,25410,26590,26860
133,4,King,Burien,,,,28950,28957,29021,29071,29139,29123,31346,31881,31957,32161,31995,31780,31839,32020,32567,32847,33314,33313,47660,47730,48030,48240,48810,50000,50680
134,4,King,Carnation,1243,1272,1299,1396,1472,1540,1594,1721,1806,1871,1893,1901,1889,1865,1841,1835,1820,1811,1802,1790,1786,1780,1785,1785,1790,1790,1850,2030
135,4,King,Clyde Hill,2957,2951,2944,2938,2929,2922,2916,2909,2903,2883,2890,2910,2924,2871,2846,2851,2875,2900,2911,2936,2984,2985,2980,2980,2995,3020,3060,3015
136,4,King,Covington,,,,,,,,,13614,13728,13783,13812,14367,14879,15835,16737,17310,17213,17356,17471,17575,17640,17760,18100,18480,18520,18750,19850
137,4,King,Des Moines,17283,17651,18610,19710,21597,21889,23543,27692,27948,28906,29267,29558,29530,29193,29133,29074,29166,29291,29443,29613,29673,29680,29700,29730,30030,30100,30570,30860
138,4,King,Duvall,2770,3012,3109,3178,3247,3422,3599,3813,4051,4328,4616,4911,5311,5667,5855,5958,6134,6311,6480,6613,6695,6715,6900,7120,7325,7345,7425,7500
139,4,King,Enumclaw (part),7227,7814,8895,9201,9567,9940,10086,10363,10418,10957,11116,11100,11080,10895,10823,10767,10723,10745,10804,10709,10669,10920,11030,11100,11110,11140,11410,11450
140,4,King,Federal Way,67449,71851,73578,74922,75883,76489,77818,79237,80964,81999,83259,83965,84022,83723,83833,86263,86944,87823,88548,89001,89306,89370,89460,89720,90150,90760,93670,96350
141,4,King,Hunts Point,514,558,520,514,540,565,558,584,608,472,443,447,438,423,419,413,433,424,415,400,394,390,390,395,405,410,415,415
142,4,King,Issaquah,7786,8586,8431,8641,8657,9530,9631,10149,10528,10847,11212,13478,14189,16853,17385,19127,21864,27047,29010,29871,30434,30690,31150,32130,32880,33330,34590,36030
143,4,King,Kenmore,,,,,,,,,,18544,18678,18784,19020,19212,19142,19227,19577,19805,20035,20263,20460,20780,21020,21170,21370,21500,22320,22580
144,4,King,Kent,37960,40731,41535,42870,44186,47124,61445,63702,74033,76228,79524,82807,85580,85583,86354,86967,88079,89319,89973,91401,92411,118200,119100,120500,121400,122900,124500,127100
145,4,King,Kirkland,40059,40753,41652,41673,41572,41893,42636,42678,43572,44300,45054,45673,45664,45442,45585,45401,47038,47710,48114,48449,48787,49020,81480,81730,82590,83460,84680,86080
146,4,King,Lake Forest Park,3372,3362,3469,3355,3979,7415,12348,12315,12667,12912,12871,12879,12870,12680,12682,12635,12653,12595,12608,12583,12598,12610,12640,12680,12750,12810,12940,12990
147,4,King,Maple Valley,,,,,,,,,13219,13808,14209,14574,15178,15762,16801,17799,19036,19908,20372,20680,22684,22930,23340,23910,24230,24700,24790,24900
148,4,King,Medina,2981,2983,2986,2983,2985,2987,2984,2989,2996,3004,3011,2988,3014,2969,2954,2928,2940,2946,2950,2962,2969,2970,2990,3000,3055,3095,3165,3205
149,4,King,Mercer Island,20816,21192,21321,21308,21293,21322,21627,21778,21940,22063,22036,21900,21874,21630,21576,21370,21525,22271,22704,22680,22699,22710,22690,22720,23310,23480,23660,24210
150,4,King,Milton (part),697,692,705,723,733,735,738,758,768,802,814,814,819,817,802,812,819,821,821,826,831,835,835,840,915,1010,1070,1195
151,4,King,Newcastle,,,,,,7145,7303,7511,7643,7635,7737,7830,8263,8489,8739,9090,9403,9785,10018,10343,10380,10410,10460,10640,10850,10940,11090,11280
152,4,King,Normandy Park,6709,6672,6658,6621,6582,6542,6554,6517,6477,6434,6392,6376,6358,6260,6383,6336,6347,6338,6298,6314,6335,6345,6350,6350,6375,6420,6540,6595
153,4,King,North Bend,2578,2606,2643,2677,2944,3157,3345,3665,4230,4611,4746,4759,4757,4677,4668,4698,4718,4734,4737,4806,5731,5830,5855,6020,6280,6460,6570,6605
154,4,King,Pacific (part),4622,4676,4965,5046,5123,5180,5242,5284,5310,5341,5373,5409,5479,5636,5679,5790,5998,6153,6349,6463,6514,6520,6535,6675,6750,6770,6835,6855
155,4,King,Redmond,35800,38363,38639,39515,39732,40211,40894,42163,43277,44727,45256,45397,45996,46569,47106,47626,50243,50898,51592,51985,54144,55150,55360,55840,57700,59180,60560,62110
156,4,King,Renton,41688,43463,43645,44051,44538,45390,45677,46328,46972,48846,50052,51764,55038,56407,57345,59259,61350,63785,82384,87668,90927,92590,93910,95540,97130,98470,101300,102700
157,4,King,Sammamish,,,,,,,,,,,34104,34915,35862,37161,38359,40957,42654,43676,44455,45039,45780,46940,47420,48060,49260,49980,61250,62240
158,4,King,SeaTac,22701,22877,23122,23316,23509,23728,23937,24123,24768,25259,25496,25537,25514,25444,25558,25714,25930,26329,26654,26643,26909,27110,27210,27310,27620,27650,27810,28850
159,4,King,Seattle,516259,522335,528938,533960,539145,541509,544140,546885,552511,556573,563376,565228,568908,572472,572595,572587,577921,585436,591870,598539,608660,612100,616500,626600,640500,662400,686800,713700
160,4,King,Shoreline,,,,,,,45927,47869,48136,50252,53296,53164,53000,52451,52308,51893,51695,51963,52065,52886,53007,53200,53270,53670,53990,54500,54990,55060
161,4,King,Skykomish,273,251,251,250,233,215,231,190,192,215,214,212,208,204,199,197,193,193,189,185,198,195,200,195,200,195,200,200
162,4,King,Snoqualmie,1546,1550,1554,1557,1561,1565,1571,1575,1581,1602,1631,3416,4407,5063,5503,6933,7815,8862,9788,10337,10670,10950,11320,11700,12130,12850,13110,13210
163,4,King,Tukwila,11874,14974,15195,15372,15554,16003,16186,16416,16672,16905,17181,17321,17487,17477,17575,17560,18486,18655,18814,18939,19107,19050,19080,19160,19210,19300,19540,19660
164,4,King,Woodinville,,,,7833,7922,7997,8474,8505,8962,8962,9809,9779,9710,9728,9676,9808,9942,9913,10052,10095,10938,10940,10960,10990,11240,11240,11570,11660
165,4,King,Yarrow Point,957,967,967,969,974,986,994,1004,1006,1008,1008,1011,1012,1002,995,963,974,978,976,971,1001,1005,1060,1015,1015,1020,1040,1040
166,1,Kitsap,Kitsap County,189731,196926,202113,207976,212429,218308,221849,225251,227179,229569,231969,233918,236656,239443,240777,239819,244049,247476,249905,251249,251133,253900,254500,254000,255900,258200,262590,264300
167,2,Kitsap,Unincorporated Kitsap County,138676,135123,139557,144398,148075,151595,154048,156474,157457,158412,159896,160651,162606,164111,165641,167149,169392,171345,172040,172413,170022,171395,170620,170505,171435,171940,174310,175220
168,3,Kitsap,Incorporated Kitsap County,51055,61803,62556,63578,64354,66713,67801,68777,69722,71157,72073,73267,74050,75332,75136,72670,74657,76131,77865,78836,81111,82505,83880,83495,84465,86260,88280,89080
169,4,Kitsap,Bainbridge Island,3081,13353,14065,14788,15407,16341,17009,17663,18342,19479,20308,20700,21008,21138,21508,21896,22220,22819,22925,22992,23025,23030,23090,23190,23360,23390,23760,23950
170,4,Kitsap,Bremerton,38142,38129,37893,37726,37678,38169,37966,37851,37649,37567,37259,37752,37999,39085,38110,34714,36202,36876,38099,37944,37729,38790,39650,37850,38180,39410,40500,40630
171,4,Kitsap,Port Orchard,4984,5109,5292,5678,5775,6290,6638,6962,7094,7448,7693,7827,7962,7980,8161,8403,8513,8613,8731,8794,11157,11440,11780,12870,13150,13510,13810,13990
172,4,Kitsap,Poulsbo,4848,5212,5306,5386,5494,5913,6188,6301,6637,6663,6813,6988,7081,7129,7357,7657,7722,7823,8110,9106,9200,9245,9360,9585,9775,9950,10210,10510
173,1,Kittitas,Kittitas County,26725,27203,27684,28295,28938,29791,30372,30989,31845,32916,33362,33936,34507,35474,36773,37660,38175,39134,40142,40710,40915,41300,41500,41900,42100,42670,43710,44730
174,2,Kittitas,Unincorporated Kittitas County,10418,10728,11215,11605,11955,12314,12668,12947,12972,13199,13614,13919,14291,14690,15053,15539,16101,16860,17497,17881,18063,18315,18440,18785,18890,19120,19650,20385
175,3,Kittitas,Incorporated Kittitas County,16307,16475,16469,16690,16983,17477,17704,18042,18873,19717,19748,20017,20216,20784,21720,22121,22074,22274,22645,22829,22852,22985,23060,23115,23210,23550,24060,24345
176,4,Kittitas,Cle Elum,1778,1777,1773,1766,1757,1756,1749,1734,1740,1789,1755,1757,1770,1772,1782,1793,1799,1847,1869,1875,1872,1875,1865,1870,1870,1865,1870,1875
177,4,Kittitas,Ellensburg,12360,12455,12443,12641,12937,13296,13529,13826,14627,15379,15414,15581,15753,16288,17208,17591,17537,17663,18009,18184,18174,18250,18320,18370,18440,18810,19310,19550
178,4,Kittitas,Kittitas,843,902,896,904,897,1032,1016,1052,1063,1091,1105,1125,1142,1177,1202,1227,1239,1267,1297,1328,1381,1430,1450,1450,1475,1455,1460,1500
179,4,Kittitas,Roslyn,869,884,900,922,935,936,953,973,986,1001,1017,1011,992,983,969,956,948,936,919,905,893,895,895,895,895,890,890,890
180,4,Kittitas,South Cle Elum,457,457,457,457,457,457,457,457,457,457,457,543,559,564,559,554,551,561,551,537,532,535,530,530,530,530,530,530
181,1,Klickitat,Klickitat County,16616,16770,16858,17067,17295,17603,17926,18244,18573,18894,19161,19284,19364,19463,19652,19753,19979,20108,20216,20256,20318,20500,20600,20700,20850,21000,21270,21660
182,2,Klickitat,Unincorporated Klickitat County,10786,10925,10957,11151,11306,11530,11841,12100,12268,12492,12536,12681,12840,13042,13220,13392,13576,13762,13886,13913,13975,14120,14190,14290,14385,14420,14660,14955
183,3,Klickitat,Incorporated Klickitat County,5830,5845,5901,5916,5989,6073,6085,6144,6305,6402,6625,6603,6524,6421,6432,6361,6403,6346,6330,6343,6343,6380,6410,6410,6465,6580,6610,6705
184,4,Klickitat,Bingen,645,647,650,650,653,655,658,660,662,665,672,688,665,671,660,671,690,694,694,707,712,720,730,725,730,735,735,735
185,4,Klickitat,Goldendale,3324,3323,3339,3346,3393,3411,3404,3449,3580,3626,3760,3717,3661,3546,3591,3482,3487,3470,3448,3441,3407,3425,3425,3410,3420,3425,3435,3490
186,4,Klickitat,White Salmon,1861,1875,1912,1920,1943,2007,2023,2035,2063,2111,2193,2198,2198,2204,2181,2208,2226,2182,2188,2195,2224,2235,2255,2275,2315,2420,2440,2480
187,1,Lewis,Lewis County,59358,59975,60662,61523,62456,63835,65043,66182,67119,67830,68600,69372,70098,70395,71063,71771,73041,74026,74843,75305,75455,76000,76300,76200,76300,76660,76890,77440
188,2,Lewis,Unincorporated Lewis County,35829,36257,36606,37219,37799,38440,39330,39429,39832,40394,40821,41102,41456,41856,42334,42935,43637,44352,44822,44849,44892,45260,45285,45270,45280,45475,45560,45910
189,3,Lewis,Incorporated Lewis County,23529,23718,24056,24304,24657,25395,25713,26753,27287,27436,27779,28270,28642,28539,28729,28836,29404,29674,30021,30456,30563,30740,31015,30930,31020,31185,31330,31530
190,4,Lewis,Centralia,12101,12206,12401,12478,12651,12898,13123,14068,14390,14493,14742,15065,15280,15351,15548,15764,15929,16078,16172,16267,16336,16440,16670,16600,16640,16790,16820,16940
191,4,Lewis,Chehalis,6527,6560,6609,6634,6685,6828,6907,6962,6990,7009,7057,7022,7089,7009,6974,7018,7019,7029,7276,7268,7259,7310,7345,7355,7370,7365,7460,7500
192,4,Lewis,Morton,1130,1127,1118,1113,1100,1258,1094,1078,1067,1055,1045,1049,1047,1017,1001,1012,1127,1131,1126,1121,1126,1125,1125,1120,1120,1125,1120,1120
193,4,Lewis,Mossyrock,452,454,498,495,494,503,504,501,498,494,486,505,527,497,498,504,513,517,523,740,759,760,760,755,765,750,745,760
194,4,Lewis,Napavine,745,766,796,888,944,1024,1139,1211,1300,1331,1383,1352,1413,1402,1457,1328,1519,1609,1610,1739,1766,1780,1790,1795,1815,1835,1870,1900
195,4,Lewis,Pe Ell,547,545,549,555,564,590,601,608,693,668,657,657,647,636,634,599,666,653,650,640,632,635,635,630,630,640,640,645
196,4,Lewis,Toledo,586,592,605,609,617,644,646,648,647,651,653,684,703,705,708,710,710,715,723,725,725,725,725,720,725,725,720,720
197,4,Lewis,Vader,414,433,425,462,498,488,556,532,548,573,590,599,611,603,589,589,601,601,607,613,621,625,625,620,620,615,615,610
198,4,Lewis,Winlock,1027,1035,1055,1070,1104,1162,1143,1145,1154,1162,1166,1337,1325,1319,1320,1312,1320,1341,1334,1343,1339,1340,1340,1335,1335,1340,1340,1335
199,1,Lincoln,Lincoln County,8864,8939,8973,9036,9181,9330,9471,9623,9838,10020,10184,10319,10277,10155,10305,10367,10435,10536,10629,10624,10570,10600,10675,10675,10700,10720,10640,10700
200,2,Lincoln,Unincorporated Lincoln County,3669,3772,3742,3707,3826,3789,3821,3973,4145,4287,4520,4556,4610,4675,4750,4814,4912,4995,5086,5071,5081,5110,5185,5230,5305,5305,5240,5280
201,3,Lincoln,Incorporated Lincoln County,5195,5167,5231,5329,5355,5541,5650,5650,5693,5733,5664,5763,5667,5480,5555,5553,5523,5541,5543,5553,5489,5490,5490,5445,5395,5415,5400,5420
202,4,Lincoln,Almira,310,283,284,285,286,297,298,318,319,320,302,306,302,296,272,278,282,285,284,285,284,285,285,285,280,280,275,275
203,4,Lincoln,Creston,230,229,231,228,230,225,226,231,232,231,232,251,231,228,253,227,229,230,229,231,236,235,235,235,230,230,225,225
204,4,Lincoln,Davenport,1502,1511,1518,1553,1602,1739,1776,1784,1787,1789,1730,1740,1744,1691,1735,1739,1750,1743,1751,1755,1734,1735,1730,1700,1685,1685,1690,1700
205,4,Lincoln,Harrington,449,450,481,516,488,484,515,468,461,449,431,427,424,413,417,427,417,420,431,445,424,420,420,420,415,420,415,415
206,4,Lincoln,Odessa,943,928,927,956,945,966,980,985,975,975,957,956,953,916,928,935,911,917,918,916,910,910,915,905,900,905,900,905
207,4,Lincoln,Reardan,488,492,502,501,507,515,519,522,567,579,608,609,600,580,586,582,587,588,583,578,571,575,575,575,570,570,575,570
208,4,Lincoln,Sprague,410,412,420,416,422,436,454,461,465,482,490,499,499,476,471,471,453,462,453,451,446,445,445,445,440,445,440,440
209,4,Lincoln,Wilbur,863,862,868,874,875,879,882,881,887,908,914,975,914,880,893,894,894,896,894,892,884,885,885,880,875,880,880,890
210,1,Mason,Mason County,38341,39473,40524,41693,42918,44128,45261,46350,47421,48410,49405,49979,50981,51963,53233,54739,56214,58066,59536,60237,60699,61100,61450,61800,62000,62200,62320,63190
211,2,Mason,Unincorporated Mason County,31100,32143,33049,34060,35179,36265,37265,38227,39199,40067,40963,41437,42352,43171,44211,45548,46891,48570,49869,50501,50865,51245,51580,51825,52005,52130,52250,53070
212,3,Mason,Incorporated Mason County,7241,7330,7475,7633,7739,7863,7996,8123,8222,8343,8442,8542,8629,8792,9022,9191,9323,9496,9667,9736,9834,9855,9870,9975,9995,10070,10070,10120
213,4,Mason,Shelton,7241,7330,7475,7633,7739,7863,7996,8123,8222,8343,8442,8542,8629,8792,9022,9191,9323,9496,9667,9736,9834,9855,9870,9975,9995,10070,10070,10120
214,1,Okanogan,Okanogan County,33350,33834,34388,35004,35709,36702,37501,38236,38629,39066,39564,39828,39992,39994,40160,40267,40656,40428,40589,40968,41120,41200,41425,41500,41700,41860,41730,42110
215,2,Okanogan,Unincorporated Okanogan County,19294,19645,20100,20619,21165,21665,22254,22806,23089,23425,23647,23782,23934,24099,24254,24415,24682,24473,24544,24738,24780,24805,25085,25110,25120,25320,25090,25400
216,3,Okanogan,Incorporated Okanogan County,14056,14189,14288,14385,14544,15037,15247,15430,15540,15641,15917,16046,16058,15895,15906,15852,15974,15955,16045,16230,16340,16395,16340,16390,16580,16540,16640,16710
217,4,Okanogan,Brewster,1633,1695,1750,1805,1847,2023,2052,2056,2074,2069,2189,2216,2275,2228,2249,2261,2288,2273,2294,2317,2370,2365,2355,2370,2380,2395,2395,2400
218,4,Okanogan,Conconully,174,165,165,146,154,151,147,201,160,151,185,219,193,203,198,194,195,190,202,203,210,220,215,220,230,230,230,230
219,4,Okanogan,Coulee Dam (part),906,917,875,879,885,889,895,899,901,909,915,914,854,896,910,909,908,909,908,905,911,910,915,915,915,910,915,915
220,4,Okanogan,Elmer City,297,294,291,289,286,285,281,280,276,273,267,267,269,264,264,258,241,236,231,231,238,240,235,235,240,285,290,290
221,4,Okanogan,Nespelem,187,206,182,185,191,192,198,202,205,209,212,213,214,215,223,221,228,226,230,232,236,235,235,235,235,245,245,245
222,4,Okanogan,Okanogan,2370,2380,2397,2395,2423,2435,2455,2465,2465,2465,2484,2491,2508,2481,2464,2461,2523,2490,2506,2545,2552,2585,2535,2560,2595,2580,2595,2610
223,4,Okanogan,Omak,4117,4119,4145,4166,4242,4393,4478,4528,4545,4700,4721,4770,4763,4737,4738,4726,4739,4767,4785,4823,4845,4845,4835,4830,4840,4900,4925,4925
224,4,Okanogan,Oroville,1505,1500,1497,1508,1505,1597,1618,1654,1656,1640,1653,1650,1675,1651,1636,1618,1612,1647,1645,1694,1686,1690,1715,1715,1700,1695,1710,1705
225,4,Okanogan,Pateros,570,575,577,586,593,595,602,604,611,634,643,646,646,628,631,633,649,641,643,659,667,665,665,665,665,525,560,580
226,4,Okanogan,Riverside,223,226,237,242,246,269,289,317,393,328,348,337,319,306,300,292,289,284,285,284,280,280,280,280,290,285,285,285
227,4,Okanogan,Tonasket,900,917,972,979,974,972,960,954,957,966,1013,1009,1058,1007,1012,1010,1009,1004,1017,1030,1032,1025,1020,1020,1110,1110,1110,1110
228,4,Okanogan,Twisp,872,873,875,874,868,905,937,932,958,945,938,957,937,934,935,932,948,932,926,918,919,925,930,940,945,945,950,970
229,4,Okanogan,Winthrop,302,322,325,331,330,331,335,338,339,352,349,357,347,345,346,337,345,356,373,389,394,410,405,405,435,435,430,445
230,1,Pacific,Pacific County,18882,19024,19221,19449,19700,19990,20240,20420,20655,20823,20984,20950,20873,20661,20662,20675,20905,20790,20751,20888,20920,20900,20970,21000,21100,21210,21180,21250
231,2,Pacific,Unincorporated Pacific County,12356,12700,12861,13002,13175,13370,13295,13440,13611,13966,13969,13895,13863,13851,13896,13922,14090,14006,14041,14097,14073,14070,14115,14125,14225,14320,14285,14360
232,3,Pacific,Incorporated Pacific County,6526,6324,6360,6447,6525,6620,6945,6980,7044,6857,7015,7055,7010,6810,6766,6753,6815,6784,6710,6791,6847,6830,6855,6875,6875,6890,6895,6890
233,4,Pacific,Ilwaco,838,850,1006,1005,980,982,969,967,950,959,950,936,920,888,888,883,907,919,929,915,936,935,940,940,945,945,945,945
234,4,Pacific,Long Beach,1236,1138,1150,1171,1210,1216,1249,1226,1232,1255,1283,1360,1333,1263,1247,1273,1296,1299,1284,1405,1392,1390,1400,1410,1410,1420,1430,1440
235,4,Pacific,Raymond,2901,2799,2659,2681,2710,2748,3014,3060,3124,2902,2975,2956,2978,2916,2905,2892,2901,2864,2847,2837,2882,2870,2890,2895,2890,2905,2900,2885
236,4,Pacific,South Bend,1551,1537,1545,1590,1625,1674,1713,1727,1738,1741,1807,1803,1779,1743,1726,1705,1711,1702,1650,1634,1637,1635,1625,1630,1630,1620,1620,1620
237,1,Pend Oreille,Pend Oreille County,8915,9154,9353,9627,9918,10267,10579,10857,11146,11429,11732,11913,12013,12123,12191,12337,12464,12694,12844,12940,13001,13000,13100,13150,13210,13240,13290,13370
238,2,Pend Oreille,Unincorporated Pend Oreille County,6114,6312,6565,6835,7105,7400,7710,7956,8229,8476,8735,8801,8904,9000,9102,9232,9354,9495,9656,9764,9810,9790,9890,9945,9985,10030,10085,10140
239,3,Pend Oreille,Incorporated Pend Oreille County,2801,2842,2788,2792,2813,2867,2869,2901,2917,2953,2997,3112,3109,3123,3089,3105,3110,3199,3188,3176,3191,3210,3210,3205,3225,3210,3205,3230
240,4,Pend Oreille,Cusick,195,194,201,200,199,190,180,202,178,207,212,217,216,211,221,228,220,230,220,207,207,210,210,205,205,200,200,205
241,4,Pend Oreille,Ione,507,500,439,444,453,462,464,461,442,439,479,470,461,459,438,436,436,437,433,451,447,445,445,445,445,440,440,445
242,4,Pend Oreille,Metaline,198,197,191,185,184,180,177,174,170,167,162,165,166,166,164,171,172,174,183,179,173,175,175,175,185,175,180,170
243,4,Pend Oreille,Metaline Falls,210,203,197,189,183,209,201,194,239,231,223,220,216,210,209,202,203,286,260,246,238,240,240,240,240,235,235,240
244,4,Pend Oreille,Newport,1691,1748,1760,1774,1794,1826,1847,1870,1888,1909,1921,2040,2050,2077,2057,2068,2079,2072,2092,2093,2126,2140,2140,2140,2150,2160,2150,2170
245,1,Pierce,Pierce County,586203,598065,610619,623697,636802,649284,653212,664070,675651,688884,700818,709288,721124,731969,743701,756919,774050,786911,794330,796900,795225,802150,808200,814500,821300,830120,844490,859400
246,2,Pierce,Unincorporated Pierce County,339679,347999,356216,365287,374518,383563,290119,296227,301577,309564,315359,320790,326936,333637,342043,350459,359372,366485,371252,370725,366738,372110,375955,378495,381970,386050,392260,400480
247,3,Pierce,Incorporated Pierce County,246524,250066,254403,258410,262284,265721,363093,367843,374074,379320,385459,388498,394188,398332,401658,406460,414678,420426,423078,426175,428487,430040,432245,436005,439330,444070,452230,458920
248,4,Pierce,Auburn (part),0,0,0,0,0,0,0,0,0,0,146,413,718,1505,2615,4341,5556,6704,7094,7047,7419,7655,7850,8915,9280,9595,9720,9900
249,4,Pierce,Bonney Lake,7494,7807,8006,8310,8549,8747,8955,9108,9302,9490,9687,10088,12481,12897,13877,14560,15569,16132,16725,17082,17374,17500,17730,18010,18520,19490,20000,20500
250,4,Pierce,Buckley,3516,3606,3690,3835,3915,3962,3979,3979,3977,4001,4145,4420,4467,4443,4419,4387,4378,4363,4338,4387,4354,4345,4365,4370,4430,4440,4550,4670
251,4,Pierce,Carbonado,495,497,505,507,545,624,623,622,621,619,621,650,623,655,658,645,666,618,620,614,610,610,610,610,610,615,635,665
252,4,Pierce,DuPont,592,591,584,583,579,588,690,1001,1597,2050,2452,2906,3384,3686,4368,5380,6577,7068,7334,7947,8199,8430,8640,8855,9175,9250,9330,9385
253,4,Pierce,Eatonville,1374,1441,1465,1529,1550,1584,1655,1766,1890,1942,2012,2076,2140,2222,2328,2530,2607,2621,2646,2727,2758,2775,2785,2815,2840,2880,2925,2950
254,4,Pierce,Edgewood,,,,,,,8796,8859,8951,8954,9089,9197,9286,9332,9352,9346,9368,9392,9401,9402,9387,9405,9425,9460,9525,9615,9735,10420
255,4,Pierce,Enumclaw (part),0,0,0,0,0,0,0,0,0,0,0,0,0,0,0,0,0,0,0,0,0,0,0,0,0,0,0,0
256,4,Pierce,Fife,3864,3935,4016,4090,4161,4233,4308,4410,4598,4721,4784,4927,4977,5110,5162,5200,6609,7725,8248,8426,9173,9220,9235,9290,9405,9545,9910,10100
257,4,Pierce,Fircrest,5258,5256,5265,5253,5251,5283,5334,5849,5860,5860,5868,5897,5956,5995,6076,6168,6351,6374,6429,6456,6497,6500,6525,6540,6555,6575,6625,6640
258,4,Pierce,Gig Harbor,3236,3323,3598,3657,3753,3951,4086,4118,6367,6334,6465,6454,6489,6520,6504,6556,6519,6502,6623,6873,7126,7200,7340,7670,7985,8555,9065,9560
259,4,Pierce,Lakewood,,,,,,,55439,55466,55716,56509,58293,58108,58451,58715,58577,58293,58623,58506,58270,58218,58163,58190,58260,58310,58360,58400,58800,59280
260,4,Pierce,Milton (part),4298,4285,4382,4484,4498,4486,4497,4585,4636,4822,4981,5045,5272,5310,5358,5451,5939,6007,6061,6097,6137,6140,6150,6345,6350,6375,6625,6705
261,4,Pierce,Orting,2106,2245,2245,2235,2269,2502,2940,3304,3493,3742,3931,4024,4136,4395,4614,5037,5849,6282,6460,6582,6746,6770,6790,6930,7065,7290,7535,7835
262,4,Pierce,Pacific (part),,,,,,,195,195,195,195,154,148,148,142,141,135,135,119,113,97,92,85,85,85,80,70,55,55
263,4,Pierce,Puyallup,23878,24800,25987,26712,27574,28202,30049,31021,31359,32663,33014,33596,34614,35261,35293,35205,35601,35862,35782,37060,37022,37240,37620,37980,38670,38950,39850,40500
264,4,Pierce,Roy,258,337,279,280,340,291,362,282,276,268,260,367,733,758,752,770,787,797,791,796,793,795,805,805,805,805,805,815
265,4,Pierce,Ruston,693,690,695,693,690,704,721,720,722,719,738,740,738,742,737,739,732,741,743,751,749,750,755,795,830,905,935,975
266,4,Pierce,South Prairie,245,208,343,328,445,533,345,358,362,372,382,430,454,453,446,448,447,442,441,436,434,435,435,435,435,435,435,435
267,4,Pierce,Steilacoom,5728,5816,5896,5953,6037,6072,6051,6082,6085,6063,6049,6062,6047,6034,6040,6021,6015,6002,6005,6004,5985,6000,6015,6040,6060,6115,6170,6410
268,4,Pierce,Sumner,6459,7105,7431,7546,7610,7673,7825,8014,8096,8384,8504,8644,8809,8875,8976,9106,9261,9303,9365,9418,9451,9450,9470,9520,9545,9660,9705,9920
269,4,Pierce,Tacoma,176664,177755,179647,182043,184119,185896,187573,189083,190544,191963,193556,193752,193506,194266,194317,194910,195740,197405,198021,198155,198397,198900,199600,200400,200900,202300,206100,208100
270,4,Pierce,University Place,,,,,,,28281,28623,29030,29253,29933,30137,30316,30579,30616,30780,30892,31001,31102,31143,31144,31170,31270,31340,31420,31720,32230,32610
271,4,Pierce,Wilkeson,366,369,369,372,399,390,389,398,397,396,395,417,443,437,432,452,457,460,466,457,477,475,485,485,485,485,490,490
272,1,San Juan,San Juan County,10035,10783,11379,12049,12409,12747,12833,12949,13042,13506,14077,14402,14664,14772,14935,15180,15379,15483,15634,15738,15769,15900,15925,16000,16100,16180,16320,16510
273,2,San Juan,Unincorporated San Juan County,8543,9242,9753,10344,10638,10931,10992,11051,11104,11554,12088,12387,12628,12783,12923,13092,13249,13371,13504,13591,13607,13720,13785,13815,13910,13965,14070,14255
274,3,San Juan,Incorporated San Juan County,1492,1541,1626,1705,1771,1816,1841,1898,1938,1952,1989,2015,2036,1989,2012,2088,2130,2112,2130,2147,2162,2180,2140,2185,2190,2215,2250,2255
275,4,San Juan,Friday Harbor,1492,1541,1626,1705,1771,1816,1841,1898,1938,1952,1989,2015,2036,1989,2012,2088,2130,2112,2130,2147,2162,2180,2140,2185,2190,2215,2250,2255
276,1,Skagit,Skagit County,79545,82803,85023,87550,90120,92627,94781,96950,98750,100421,102979,104246,105861,106647,108494,109977,112113,113890,115422,116612,116901,117400,117950,118600,119500,120620,122270,124100
277,2,Skagit,Unincorporated Skagit County,37841,38637,39270,40077,40834,41622,42566,43228,43779,44144,44506,45010,45541,46024,46436,46737,47331,47756,48135,48083,48112,48255,48345,48411,48720,49220,49860,50875
278,3,Skagit,Incorporated Skagit County,41704,44166,45753,47473,49286,51005,52215,53722,54971,56277,58473,59236,60320,60623,62058,63240,64782,66134,67287,68529,68789,69145,69605,70189,70780,71400,72410,73225
279,4,Skagit,Anacortes,11451,11748,12017,12157,12404,12587,12841,13180,13534,13917,14557,14720,14860,14828,15090,15226,15571,15692,15807,15862,15778,15860,15960,16080,16190,16310,16580,16780
280,4,Skagit,Burlington,4349,4826,4924,4979,5569,5899,6006,6106,6256,6452,6757,6952,7168,7063,7157,7185,7723,7921,7983,8321,8388,8420,8435,8445,8445,8485,8675,8715
281,4,Skagit,Concrete,735,735,733,734,746,746,786,787,796,787,790,786,763,751,769,772,786,783,770,753,710,710,715,710,720,730,735,740
282,4,Skagit,Hamilton,228,230,231,235,246,256,260,300,302,307,309,332,342,355,346,353,350,347,331,307,301,300,300,304,305,305,305,300
283,4,Skagit,La Conner,686,698,681,713,695,699,715,708,693,777,761,774,783,784,814,830,839,910,908,884,891,885,895,890,895,895,905,925
284,4,Skagit,Lyman,275,306,308,311,320,357,401,400,403,406,409,415,421,424,435,446,444,442,437,440,438,440,440,440,445,445,450,455
285,4,Skagit,Mount Vernon,17647,19072,20153,21354,22145,23015,23536,24430,24954,25349,26232,26499,27024,27231,27926,28388,29029,29753,30630,31448,31743,31940,32250,32710,33170,33530,33730,34360
286,4,Skagit,Sedro-Woolley,6333,6551,6706,6990,7161,7446,7670,7811,8033,8282,8658,8758,8959,9187,9521,10040,10040,10286,10421,10514,10540,10590,10610,10610,10610,10700,11030,10950
287,1,Skamania,Skamania County,8289,8532,8625,8736,8908,9057,9236,9402,9558,9744,9872,9941,10045,10117,10284,10515,10777,10892,10941,10995,11066,11150,11275,11300,11370,11430,11500,11690
288,2,Skamania,Unincorporated Skamania County,6711,6964,7054,7165,7307,7445,7593,7722,7877,7987,8079,8151,8217,8284,8390,8515,8629,8637,8625,8663,8645,8685,8755,8780,8855,8895,8955,9120
289,3,Skamania,Incorporated Skamania County,1578,1568,1571,1571,1601,1612,1643,1680,1681,1757,1793,1790,1828,1833,1894,2000,2148,2255,2316,2332,2421,2465,2520,2520,2515,2535,2545,2570
290,4,Skamania,North Bonneville,431,425,440,447,474,497,504,539,532,560,593,586,614,626,685,741,828,882,877,880,956,965,1000,1005,1005,1005,1005,1010
291,4,Skamania,Stevenson,1147,1143,1131,1124,1127,1115,1139,1141,1149,1197,1200,1204,1214,1207,1209,1259,1320,1373,1439,1452,1465,1500,1520,1515,1510,1530,1540,1560
292,1,Snohomish,Snohomish County,465628,488075,496461,507336,519960,531704,542738,554585,570896,589266,606024,617864,629287,639942,648778,661346,676126,689314,699330,705894,713335,717000,722900,730500,741000,757600,772860,789400
293,2,Snohomish,Unincorporated Snohomish County,259796,266055,268178,260774,266181,271639,270321,273394,275897,286510,291142,292837,300255,306779,313469,320484,320132,321055,326382,329476,302292,304435,308445,312500,320335,330260,338995,349800
294,3,Snohomish,Incorporated Snohomish County,205832,222020,228283,246562,253779,260065,272417,281191,294999,302756,314882,325027,329032,333163,335309,340862,355994,368259,372948,376418,411043,412565,414455,418000,420665,427340,433865,439600
295,4,Snohomish,Arlington,4037,4397,4614,4863,5167,5692,6019,6514,7188,8054,11927,12912,13676,14431,14838,15173,15693,17094,17527,17711,17926,17930,17970,18270,18360,18490,18620,18690
296,4,Snohomish,Bothell (part),359,355,348,11482,11911,11901,11876,11869,12435,13083,13965,14650,15080,15005,14992,15044,15413,15723,16009,16290,16415,16570,16720,17020,17020,17230,17390,17510
297,4,Snohomish,Brier,5633,5681,5726,5863,6005,6036,6110,6180,6317,6353,6383,6406,6380,6329,6301,6276,6240,6202,6163,6126,6087,6100,6155,6315,6345,6500,6555,6560
298,4,Snohomish,Darrington,1042,1048,1056,1060,1063,1074,1084,1099,1120,1116,1136,1307,1342,1352,1353,1366,1379,1380,1371,1365,1347,1345,1345,1350,1350,1350,1350,1400
299,4,Snohomish,Edmonds,30743,30678,30408,30552,30483,30680,35907,35793,39686,39647,39544,39444,39237,39178,39095,39264,39680,39758,39828,39846,39709,39800,39800,39950,39950,40490,40900,41260
300,4,Snohomish,Everett,69974,75954,77843,79462,81069,82093,84534,86090,87624,89426,91488,95670,96312,96484,96364,97075,100411,100980,101413,102520,103019,103100,103300,104200,104900,105800,108300,109800
301,4,Snohomish,Gold Bar,1078,1157,1158,1256,1266,1356,1400,1540,1672,1766,2014,2039,2044,2052,2040,2050,2073,2109,2134,2061,2075,2060,2060,2080,2085,2115,2125,2125
302,4,Snohomish,Granite Falls,1060,1151,1267,1404,1462,1502,1697,1894,2093,2147,2347,2543,2766,2927,3010,3055,3094,3186,3274,3359,3364,3370,3380,3385,3390,3390,3395,3485
303,4,Snohomish,Index,139,141,143,145,147,149,149,154,153,155,157,162,155,160,159,158,163,166,165,166,178,180,180,180,180,160,165,175
304,4,Snohomish,Lake Stevens,3435,3701,4129,4416,4693,4810,5001,5133,5532,5832,6361,6661,6775,6897,7111,7174,9873,13996,15233,15483,28069,28210,28510,28960,29170,29900,30900,31740
305,4,Snohomish,Lynnwood,28637,29044,29194,29737,30815,31171,31645,33210,33423,33641,33847,33949,33924,34479,34478,34718,35062,35279,35411,35430,35836,35860,35900,35960,36030,36420,36590,36950
306,4,Snohomish,Marysville,10328,11199,13418,15257,16666,18268,19850,20798,22223,23608,25315,26912,28172,29072,29650,30507,33821,37875,39019,39628,60020,60660,61360,62100,62600,64140,64940,65900
307,4,Snohomish,Mill Creek,7180,7766,8354,8698,8854,9278,9516,9876,10863,11236,11525,12033,11975,12093,12658,14581,17325,17442,17526,18036,18244,18370,18450,18600,18780,19760,19900,19960
308,4,Snohomish,Monroe,4275,5044,5282,5541,6095,6782,7270,9758,11714,12601,13795,14367,14779,15303,15688,16190,16526,16701,17038,17272,17304,17330,17390,17510,17660,17620,18120,18350
309,4,Snohomish,Mountlake Terrace,19320,19729,19811,19863,19905,20021,20042,20138,20236,20313,20362,20249,20186,20025,19973,19870,19757,20082,20084,20009,19909,19990,20090,20160,20530,21090,21090,21290
310,4,Snohomish,Mukilteo,6982,13118,13429,14344,14754,15230,15770,16158,17195,17644,18019,18373,18578,19304,19319,19453,19702,20049,20161,20210,20254,20310,20360,20440,20540,20900,21070,21240
311,4,Snohomish,Snohomish,6499,6601,6697,6988,7352,7609,7943,8016,8326,8376,8494,8554,8543,8588,8503,8623,8812,8829,8841,8926,9098,9200,9215,9220,9270,9385,9625,10010
312,4,Snohomish,Stanwood,1961,2096,2198,2301,2582,2910,3025,3196,3282,3755,3923,4021,4172,4323,4530,4858,5287,5593,5885,6073,6231,6220,6300,6340,6530,6585,6635,6785
313,4,Snohomish,Sultan,2236,2241,2293,2407,2562,2568,2642,2831,2977,3067,3344,3826,3937,4084,4134,4236,4455,4564,4600,4624,4651,4655,4660,4660,4665,4680,4860,5030
314,4,Snohomish,Woodway,914,919,915,923,928,935,937,944,940,936,936,949,999,1077,1113,1191,1228,1251,1266,1283,1307,1305,1310,1300,1310,1335,1335,1340
315,1,Spokane,Spokane County,361333,365887,371147,377020,384035,391318,397508,403954,408740,413665,417939,423127,428755,428889,431905,438249,446751,454034,460303,466426,471221,472650,475600,480000,484500,488310,492530,499800
316,2,Spokane,Unincorporated Spokane County,165443,167876,171196,175214,180061,183440,187492,189941,192356,195767,199019,203049,203270,118100,119637,122571,124372,127452,131281,134266,136097,136713,136487,137813,139904,140717,142062,144788
317,3,Spokane,Incorporated Spokane County,195890,198011,199951,201806,203974,207878,210016,214013,216384,217898,218920,220078,225485,310789,312268,315678,322379,326582,329022,332160,335124,335937,339113,342187,344596,347593,350468,355012
318,4,Spokane,Airway Heights,1971,2009,2122,2139,2181,2245,2437,4139,4338,4412,4500,4516,4638,4692,4736,4827,5073,5350,5635,5976,6114,6220,7780,7935,7970,8385,8425,8460
319,4,Spokane,Cheney,7723,7795,8005,7974,8249,8374,8589,8563,8725,8713,8832,9122,9282,9354,9807,10028,10069,10097,10049,10478,10590,10790,10820,11070,11310,11440,11650,11880
320,4,Spokane,Deer Park,2278,2302,2389,2452,2552,2729,2806,2875,2935,2983,3017,3051,3090,3089,3091,3159,3201,3343,3476,3600,3652,3675,3715,3800,3870,3950,4005,4105
321,4,Spokane,Fairfield,516,523,587,515,511,505,503,499,497,495,494,591,627,586,576,589,629,627,603,639,612,595,600,615,615,615,620,620
322,4,Spokane,Latah,203,185,201,219,211,225,214,220,212,212,202,203,200,194,204,212,207,192,194,189,193,195,195,195,195,195,195,195
323,4,Spokane,Liberty Lake,0,0,0,0,0,0,0,0,0,0,0,0,4480,4640,4949,5133,5723,6536,6848,7196,7591,7705,7900,8190,8675,8975,9325,9910
324,4,Spokane,Medical Lake,3664,3744,3699,3703,3728,3753,3752,3795,3797,3791,3815,3917,4005,4259,4184,4428,4608,4806,4949,5017,5060,4910,4920,4945,4965,4945,4945,4990
325,4,Spokane,Millwood,1559,1685,1679,1684,1686,1680,1684,1674,1672,1653,1649,1661,1681,1690,1695,1709,1717,1754,1766,1772,1786,1785,1785,1790,1785,1790,1790,1790
326,4,Spokane,Rockford,481,477,470,468,453,439,432,428,424,417,413,509,525,533,511,484,488,504,499,493,470,470,470,470,470,470,470,480
327,4,Spokane,Spangle,229,230,229,235,234,235,234,233,232,233,240,295,287,275,297,269,274,278,280,279,278,280,280,280,280,280,275,275
328,4,Spokane,Spokane,177165,178954,180462,182310,184058,187576,189246,191464,193437,194859,195629,196075,196538,198354,198651,200247,203664,205081,206083,207433,208916,209100,210000,211300,212300,213100,214500,217300
329,4,Spokane,Spokane Valley,0,0,0,0,0,0,0,0,0,0,0,0,0,82985,83436,84465,86601,87894,88513,88969,89755,90110,90550,91490,92050,93340,94160,94890
330,4,Spokane,Waverly,101,107,108,107,111,117,119,123,115,130,129,138,132,138,131,128,125,120,127,119,107,102,98,107,111,108,108,117
331,1,Stevens,Stevens County,30948,31617,32339,33250,34250,35523,36504,37405,38253,39122,40066,40331,40611,40960,41333,41792,42355,42759,43283,43510,43531,43600,43700,43800,43900,44030,44100,44510
332,2,Stevens,Unincorporated Stevens County,22644,23207,23841,24503,25295,26326,27160,28161,28987,29817,30585,30889,31220,31570,31955,32330,32855,33239,33659,33883,33893,33946,34035,34160,34230,34300,34342,34722
333,3,Stevens,Incorporated Stevens County,8304,8410,8498,8747,8955,9197,9344,9244,9266,9305,9481,9442,9391,9390,9378,9462,9500,9520,9624,9627,9638,9654,9665,9640,9670,9730,9758,9788
334,4,Stevens,Chewelah,1966,1997,2035,2212,2243,2322,2338,2166,2171,2182,2186,2217,2264,2298,2330,2396,2427,2461,2546,2559,2607,2610,2620,2615,2615,2650,2650,2655
335,4,Stevens,Colville,4360,4375,4408,4418,4440,4586,4679,4713,4772,4847,4988,4947,4890,4847,4813,4792,4764,4757,4741,4701,4673,4690,4695,4685,4690,4705,4730,4730
336,4,Stevens,Kettle Falls,1275,1316,1334,1382,1487,1497,1507,1557,1546,1536,1527,1526,1528,1510,1501,1529,1586,1558,1589,1597,1595,1605,1600,1595,1610,1615,1615,1620
337,4,Stevens,Marcus,135,147,143,144,154,150,174,156,155,154,161,156,154,169,177,179,168,175,167,183,183,174,175,175,180,175,175,175
338,4,Stevens,Northport,308,319,326,338,367,370,378,375,342,312,336,312,273,283,284,283,281,290,300,299,295,295,295,290,290,295,295,295
339,4,Stevens,Springdale,260,256,252,253,264,272,268,277,280,274,283,284,282,283,273,283,274,279,281,288,285,280,280,280,285,290,293,313
340,1,Thurston,Thurston County,161238,167663,172425,177058,181715,186419,190409,194440,198435,203167,207355,210102,214139,218264,223065,229286,234083,239570,244853,249336,252264,254100,256800,260100,264000,267410,272690,276900
341,2,Thurston,Unincorporated Thurston County,94098,96930,99344,101765,103404,105048,106559,108295,110056,111981,114061,115859,118609,121655,125073,129121,131919,133931,135229,134285,135123,135830,136610,137395,138160,138930,137800,139870
342,3,Thurston,Incorporated Thurston County,67140,70733,73081,75293,78311,81371,83850,86145,88379,91186,93294,94243,95530,96609,97992,100165,102164,105639,109624,115051,117141,118270,120190,122705,125840,128480,134890,137030
343,4,Thurston,Bucoda,536,540,557,582,611,599,606,621,623,627,628,629,624,620,604,597,589,582,580,577,562,560,560,560,560,565,570,580
344,4,Thurston,Lacey,19279,20894,21583,22889,24653,25878,27021,28310,29151,30538,31226,31702,32260,32784,33290,34421,35452,37341,39870,41301,42393,42830,43600,44350,45320,46020,47540,48700
345,4,Thurston,Olympia,33729,35082,35813,36455,36984,37734,38714,39473,40487,41467,42514,42627,42939,43119,43379,43777,44260,45087,45538,46109,46478,46780,47500,48480,49670,51020,51600,52160
346,4,Thurston,Rainier,991,1111,1209,1337,1432,1422,1451,1488,1507,1501,1492,1488,1492,1513,1536,1579,1657,1699,1728,1747,1794,1825,1825,1840,1850,1880,1885,1930
347,4,Thurston,Tenino,1292,1293,1292,1298,1312,1390,1405,1434,1444,1447,1447,1486,1507,1543,1537,1575,1608,1627,1650,1682,1695,1700,1705,1705,1725,1730,1775,1785
348,4,Thurston,Tumwater,9976,10429,11129,11220,11306,12053,12166,12233,12354,12531,12698,12821,12882,12956,13148,13330,13568,13935,14497,17234,17371,17570,17900,18300,18800,19100,23040,23210
349,4,Thurston,Yelm,1337,1384,1498,1512,2013,2295,2487,2586,2813,3075,3289,3490,3826,4074,4498,4886,5030,5368,5761,6401,6848,7005,7100,7470,7915,8165,8480,8665
350,1,Wahkiakum,Wahkiakum County,3327,3347,3358,3420,3482,3546,3615,3656,3693,3758,3824,3831,3825,3833,3826,3867,3912,3963,4005,4003,3978,4000,4025,4020,4010,3980,4000,4030
351,2,Wahkiakum,Unincorporated Wahkiakum County,2819,2843,2857,2919,2983,3045,3114,3159,3201,3213,3259,3275,3273,3288,3310,3324,3363,3429,3468,3466,3446,3470,3500,3520,3510,3490,3510,3540
352,3,Wahkiakum,Incorporated Wahkiakum County,508,504,501,501,499,501,501,497,492,545,565,556,552,545,516,543,549,534,537,537,532,530,525,500,500,490,490,490
353,4,Wahkiakum,Cathlamet,508,504,501,501,499,501,501,497,492,545,565,556,552,545,516,543,549,534,537,537,532,530,525,500,500,490,490,490
354,1,Walla Walla,Walla Walla County,48439,48817,49361,50015,50761,51461,52162,53029,53962,54496,55180,55102,55242,55560,56167,57005,57224,57754,58063,58561,58781,58800,59100,59500,60150,60650,60730,61400
355,2,Walla Walla,Unincorporated Walla Walla County,14384,14533,14477,14794,15009,15257,15523,15688,15864,15986,16150,16202,16259,16403,15901,16183,16445,16715,16574,16729,16750,16815,16975,17150,17295,16590,16590,16560
356,3,Walla Walla,Incorporated Walla Walla County,34055,34284,34884,35221,35752,36204,36639,37341,38098,38510,39030,38900,38983,39157,40266,40822,40779,41039,41489,41832,42031,41985,42125,42350,42855,44060,44140,44840
357,4,Walla Walla,College Place,6308,6378,6442,6552,6782,6913,7075,7244,7440,7635,7818,7891,7974,8052,8416,8505,8541,8589,8613,8690,8765,8780,8845,8875,9050,9110,9245,9440
358,4,Walla Walla,Prescott,275,273,271,269,284,282,306,320,317,315,314,314,309,309,311,308,305,303,307,309,318,320,325,325,325,325,325,330
359,4,Walla Walla,Waitsburg,990,1004,1013,1009,1024,1067,1100,1158,1166,1183,1212,1216,1193,1193,1207,1216,1205,1202,1209,1213,1217,1215,1215,1220,1220,1235,1230,1230
360,4,Walla Walla,Walla Walla,26482,26629,27158,27391,27662,27942,28158,28619,29175,29377,29686,29479,29507,29603,30332,30793,30728,30945,31360,31620,31731,31670,31740,31930,32260,33390,33340,33840
361,1,Whatcom,Whatcom County,127780,132669,137791,141270,146056,149942,154122,157071,160667,163774,166826,170980,174238,175984,180245,184965,190088,195298,197675,199736,201140,202100,203500,205800,207600,209790,212540,216300
362,2,Whatcom,Unincorporated Whatcom County,59187,61953,64854,65683,67877,69219,70110,70916,71473,72681,74231,75430,76772,78182,80167,82184,84475,86206,87234,87703,87065,87535,87921,88276,88822,89788,90538,91724
363,3,Whatcom,Incorporated Whatcom County,68593,70716,72937,75587,78179,80723,84012,86155,89194,91093,92595,95550,97466,97802,100078,102781,105613,109092,110441,112033,114075,114565,115579,117524,118778,120002,122002,124576
364,4,Whatcom,Bellingham,52179,53248,54511,56307,58108,59544,62052,63190,64801,65884,67171,69487,70823,70880,72489,73963,75562,77948,78739,79383,80885,81070,81360,82310,82810,83580,84850,86720
365,4,Whatcom,Blaine,2489,2640,2753,2922,2993,3211,3311,3641,3700,3724,3770,3893,4053,4034,4111,4230,4477,4622,4591,4648,4684,4705,4760,4785,4865,4905,4930,5075
366,4,Whatcom,Everson,1490,1605,1695,1743,1829,1897,1912,1940,1979,2004,2035,2063,2078,2070,2115,2156,2228,2272,2296,2443,2483,2495,2520,2550,2570,2580,2600,2630
367,4,Whatcom,Ferndale,5398,6001,6397,6687,6866,7156,7329,7687,8429,8789,8758,8919,9045,9166,9326,9828,10406,10688,10950,11281,11415,11530,11830,12290,12710,12920,13250,13470
368,4,Whatcom,Lynden,5709,5833,6133,6412,6723,7154,7604,7879,8493,8879,9020,9275,9560,9748,10015,10522,10811,11227,11436,11789,11951,12060,12340,12730,12920,13090,13380,13620
369,4,Whatcom,Nooksack,584,622,660,677,787,821,836,845,838,837,863,918,900,902,943,970,1004,1144,1165,1163,1338,1350,1370,1410,1435,1460,1475,1490
370,4,Whatcom,Sumas,744,767,788,839,873,940,968,973,954,976,978,995,1007,1002,1079,1112,1125,1191,1264,1326,1319,1355,1399,1449,1468,1467,1517,1571
371,1,Whitman,Whitman County,38775,38560,38770,38909,39064,39451,39590,40154,40610,40842,40740,40537,41002,40954,41686,42498,42848,42793,44066,44005,44776,44800,45950,46000,46500,47250,47940,48640
372,2,Whitman,Unincorporated Whitman County,6629,6655,6470,6379,6378,6409,6357,6308,6328,6319,6298,6237,6199,6177,6145,6123,6079,6050,6014,5996,5961,5974,5974,6035,6065,6084,6240,6300
373,3,Whitman,Incorporated Whitman County,32146,31905,32300,32530,32686,33042,33233,33846,34282,34523,34442,34300,34803,34777,35541,36375,36769,36743,38052,38009,38815,38826,39976,39965,40435,41166,41700,42340
374,4,Whitman,Albion,632,635,634,629,625,635,631,638,630,624,616,622,603,605,602,596,593,597,592,573,579,555,545,550,555,555,545,540
375,4,Whitman,Colfax,2761,2699,2783,2809,2821,2821,2837,2842,2840,2847,2844,2823,2824,2799,2818,2837,2844,2842,2833,2828,2805,2805,2790,2780,2765,2790,2795,2795
376,4,Whitman,Colton,325,325,331,343,356,367,370,372,378,383,386,390,389,391,390,392,409,413,415,411,418,425,415,420,420,420,425,435
377,4,Whitman,Endicott,320,328,329,336,338,343,345,352,352,361,355,342,348,339,340,323,306,331,318,268,289,293,295,295,300,296,295,295
378,4,Whitman,Farmington,126,105,109,105,109,113,117,151,139,151,153,150,150,150,150,149,147,146,146,141,146,145,145,145,150,150,155,155
379,4,Whitman,Garfield,544,552,576,567,595,619,634,645,645,645,641,639,635,596,632,618,615,609,604,601,597,600,595,595,595,595,595,600
380,4,Whitman,LaCrosse,336,343,338,354,345,356,366,369,376,379,380,371,364,364,360,351,321,328,323,315,313,315,315,315,320,320,315,310
381,4,Whitman,Lamont,93,83,87,85,88,97,95,101,104,105,106,106,103,103,101,95,87,84,87,74,81,80,80,80,80,80,80,80
382,4,Whitman,Malden,189,210,212,212,212,214,215,215,215,215,215,214,214,209,211,206,207,209,206,190,203,205,205,205,205,200,200,200
383,4,Whitman,Oakesdale,346,359,372,385,396,410,438,416,417,419,420,419,423,418,419,424,418,420,424,425,422,425,425,425,425,430,425,425
384,4,Whitman,Palouse,915,913,927,936,972,988,988,989,985,1002,1011,1012,1009,1001,1010,1002,1006,1008,1017,993,998,1005,1020,1020,1030,1030,1040,1050
385,4,Whitman,Pullman,23478,23224,23426,23493,23531,23824,23932,24458,24893,25069,24948,24886,25448,25538,26254,27132,27587,27495,28850,29021,29799,29820,31000,30990,31420,32110,32650,33280
386,4,Whitman,Rosalia,552,570,578,590,589,599,606,612,627,644,648,653,653,624,613,603,593,587,580,560,550,555,555,555,555,560,560,560
387,4,Whitman,St. John,499,513,510,520,523,532,535,544,548,555,548,513,497,518,523,510,517,564,554,530,543,523,501,500,505,510,505,505
388,4,Whitman,Tekoa,750,774,799,861,858,802,796,797,795,784,826,822,814,805,803,826,815,808,807,797,778,775,785,770,775,785,780,770
389,4,Whitman,Uniontown,280,272,289,305,328,322,328,345,338,340,345,338,329,317,315,311,304,302,296,282,294,300,305,320,335,335,335,340
390,1,Yakima,Yakima County,188823,191490,194939,198225,202044,206046,209381,212375,215587,219483,222581,224229,224790,227956,230002,231902,234408,236923,239524,241708,243231,244700,246000,247250,248800,249970,250900,253000
391,2,Yakima,Unincorporated Yakima County,88214,86180,87260,88586,90337,91611,90214,90742,91498,91749,93192,92683,85667,86632,86957,87019,85305,84535,83787,83955,83755,84300,84800,84910,85410,85985,85895,87115
392,3,Yakima,Incorporated Yakima County,100609,105310,107679,109639,111707,114435,119167,121633,124089,127734,129389,131546,139123,141324,143045,144883,149103,152388,155737,157753,159476,160400,161200,162340,163390,163985,165005,165885
393,4,Yakima,Grandview,7169,7303,7399,7505,7618,7771,7951,7999,8148,8285,8377,8504,8701,8917,9127,9453,9749,10226,10588,10827,10862,10920,11000,11010,11170,11200,11160,11170
394,4,Yakima,Granger,2053,2083,2130,2170,2217,2268,2308,2359,2427,2471,2530,2530,2666,2800,2885,2951,2968,3044,3158,3186,3246,3270,3285,3315,3495,3640,3880,3905
395,4,Yakima,Harrah,352,388,411,442,445,450,453,494,519,545,566,614,621,611,623,629,628,630,636,603,630,630,650,645,645,650,650,660
396,4,Yakima,Mabton,1482,1472,1484,1500,1667,1692,1702,1747,1781,1836,1891,1899,1902,2077,2101,2114,2140,2157,2174,2199,2286,2290,2290,2305,2310,2310,2315,2315
397,4,Yakima,Moxee,825,825,824,824,824,821,820,820,820,819,821,854,882,935,1015,1464,2024,2363,2825,3024,3308,3415,3505,3655,3720,3810,3955,4010
398,4,Yakima,Naches,596,601,689,663,660,658,653,651,648,646,643,703,706,730,758,755,761,753,756,795,795,805,805,805,815,830,845,860
399,4,Yakima,Selah,5113,5111,5129,5119,5214,5577,5667,5808,5941,6125,6310,6361,6358,6504,6622,6726,6817,6901,7063,7158,7147,7205,7290,7340,7395,7495,7530,7630
400,4,Yakima,Sunnyside,11238,11429,11743,11857,12327,12495,12595,13060,13304,13603,13905,13999,14132,14355,14581,14804,15107,15419,15552,15746,15858,16010,16130,16200,16230,16280,16540,16640
401,4,Yakima,Tieton,693,725,765,855,891,916,950,1052,1052,1122,1154,1169,1174,1189,1190,1191,1203,1211,1188,1190,1191,1195,1195,1235,1255,1255,1285,1300
402,4,Yakima,Toppenish,7419,7564,7654,7840,8046,8231,8361,8552,8692,8826,8946,8909,8947,8921,8967,8959,8951,9040,9055,8975,8949,8950,8950,8950,8955,8965,9050,9085
403,4,Yakima,Union Gap,3120,3137,3176,3238,3330,3441,5250,5319,5419,5494,5621,5649,5696,5727,5767,5809,5822,5863,5931,6012,6047,6055,6105,6110,6140,6150,6200,6220
404,4,Yakima,Wapato,3795,3825,3882,3942,4019,4089,4216,4284,4362,4510,4582,4576,4559,4616,4654,4695,4739,4767,4814,4844,4997,5025,5030,5035,5040,5040,5040,5040
405,4,Yakima,Yakima,54843,58925,60455,61693,62387,63930,66121,67346,68816,71278,71845,73307,80287,81391,82159,82649,85453,87233,89138,90271,91196,91630,91930,92620,93080,93220,93410,93900
406,4,Yakima,Zillah,1911,1922,1938,1991,2062,2096,2120,2142,2160,2174,2198,2472,2492,2551,2596,2684,2741,2781,2859,2923,2964,3000,3035,3115,3140,3140,3145,3150
407,1,Washington,State Total,4866659,5000353,5091138,5188009,5291577,5396569,5483103,5579140,5685459,5792214,5894143,5970452,6059698,6126917,6208532,6298797,6420219,6525121,6608234,6672263,6724540,6767900,6817770,6882400,6968170,7061410,7183700,7310300
408,2,Washington,Unincorporated State Total,2341365,2394824,2438904,2435178,2475442,2507091,2375108,2351846,2349472,2374826,2374593,2400226,2422350,2370794,2412972,2455203,2487219,2513639,2506105,2513451,2478323,2454633,2438547,2449701,2470761,2497039,2516902,2557466
409,3,Washington,Incorporated State Total,2525294,2605529,2652234,2752831,2816135,2889478,3107995,3227294,3335987,3417388,3519550,3570226,3637348,3756123,3795560,3843594,3933000,4011482,4102129,4158812,4246217,4313267,4379223,4432699,4497409,4564371,4666798,4752834
